symbol,pattern,total_trades,win_rate,profit_factor,sharpe,max_drawdown,total_return,is_valid
SYN_A,ema_crossover,21,0.09523810,0.17433523,-2.51280862,-0.01759120,-0.01759120,False
SYN_A,triple_ema,23,0.17391304,0.34995953,-1.67225359,-0.01433460,-0.01384239,False
SYN_A,macd_crossover,38,0.26315789,0.65195502,-0.89781165,-0.01822180,-0.00998947,False
SYN_A,macd_hist_reversal,38,0.26315789,0.65195502,-0.89781165,-0.01822180,-0.00998947,False
SYN_A,sma_200_trend,7,0.42857143,1.25066122,0.22835163,-0.00224874,0.00112080,False
SYN_A,adx_trend,7,0.28571429,0.35655334,-0.79033495,-0.00511473,-0.00361678,False
SYN_A,ichimoku_cloud,56,0.26785714,0.65779642,-1.15988470,-0.01664293,-0.01456629,False
SYN_A,rsi_reversal,15,0.26666667,0.60646673,-0.73076360,-0.00760552,-0.00487267,False
SYN_A,rsi_divergence,35,0.34285714,0.90450566,-0.21667951,-0.01212545,-0.00240949,False
SYN_A,bollinger_bounce,28,0.21428571,0.45454549,-1.38543052,-0.01785863,-0.01343343,False
SYN_A,bollinger_squeeze,15,0.20000000,0.41732781,-1.19863458,-0.00784800,-0.00784800,False
SYN_A,stochastic_cross,39,0.25641026,0.59543359,-1.08552555,-0.01532939,-0.01269770,False
SYN_A,keltner_reversion,35,0.25714286,0.57565156,-1.14766055,-0.01511083,-0.01239233,False
SYN_A,donchian_breakout,17,0.47058824,1.48052930,0.64954036,-0.00456465,0.00485666,False
SYN_A,volume_breakout,0,0.00000000,0.00000000,0.00000000,0.00000000,0.00000000,False
SYN_A,atr_breakout,7,0.28571429,1.05863087,0.04332704,-0.00258520,0.00020222,False
SYN_A,inside_bar_breakout,44,0.18181818,0.37361002,-2.34224459,-0.03020481,-0.02487083,False
SYN_A,mean_rev_composite,17,0.23529412,0.51317389,-1.00100319,-0.01032155,-0.00711045,False
SYN_A,trend_momentum_combo,44,0.15909091,0.31532905,-2.47424486,-0.02995292,-0.02813697,False
SYN_A,confluence,2,0.00000000,0.00000000,-1.14328456,-0.00224874,-0.00224874,False
SYN_B,ema_crossover,37,0.24324324,0.55112142,-1.27244376,-0.01776496,-0.01367566,False
SYN_B,triple_ema,28,0.21428571,0.45460152,-1.49216298,-0.01416629,-0.01343041,False
SYN_B,macd_crossover,43,0.25581395,0.58100451,-1.24842003,-0.01491722,-0.01482228,False
SYN_B,macd_hist_reversal,43,0.25581395,0.58100451,-1.24842003,-0.01491722,-0.01482228,False
SYN_B,sma_200_trend,9,0.33333333,1.16550455,0.15709903,-0.00368845,0.00079014,False
SYN_B,adx_trend,0,0.00000000,0.00000000,0.00000000,0.00000000,0.00000000,False
SYN_B,ichimoku_cloud,70,0.22857143,0.49519978,-2.05731635,-0.03557044,-0.03016718,False
SYN_B,rsi_reversal,6,0.16666667,0.33289473,-0.84040182,-0.00563520,-0.00374932,False
SYN_B,rsi_divergence,29,0.34482759,0.87750609,-0.28333992,-0.01231069,-0.00264345,False
SYN_B,bollinger_bounce,25,0.32000000,0.78406520,-0.46613924,-0.00937577,-0.00414561,False
SYN_B,bollinger_squeeze,14,0.35714286,0.92605062,-0.10936581,-0.00498923,-0.00076258,False
SYN_B,stochastic_cross,33,0.27272727,0.62473142,-1.02416213,-0.01323295,-0.01010721,False
SYN_B,keltner_reversion,33,0.27272727,0.58153142,-1.13286311,-0.01635440,-0.01126296,False
SYN_B,donchian_breakout,14,0.28571429,0.66612494,-0.48031128,-0.00685123,-0.00376541,False
SYN_B,volume_breakout,0,0.00000000,0.00000000,0.00000000,0.00000000,0.00000000,False
SYN_B,atr_breakout,10,0.10000000,0.25781721,-1.19938620,-0.00537984,-0.00537984,False
SYN_B,inside_bar_breakout,38,0.26315789,0.61398720,-1.02256114,-0.01654809,-0.01175315,False
SYN_B,mean_rev_composite,13,0.53846154,1.94488268,0.90237023,-0.00225178,0.00637926,False
SYN_B,trend_momentum_combo,33,0.30303030,0.72471324,-0.72411042,-0.01306264,-0.00713342,False
SYN_B,confluence,0,0.00000000,0.00000000,0.00000000,0.00000000,0.00000000,False
SYN_C,ema_crossover,22,0.27272727,0.62500006,-0.79532382,-0.00910607,-0.00674780,False
SYN_C,triple_ema,25,0.36000000,0.93464059,-0.12266297,-0.00687885,-0.00120556,False
SYN_C,macd_crossover,44,0.31818182,0.72383968,-0.80327035,-0.01116801,-0.00931689,False
SYN_C,macd_hist_reversal,44,0.31818182,0.72383968,-0.80327035,-0.01116801,-0.00931689,False
SYN_C,sma_200_trend,19,0.31578947,0.67525661,-0.52031130,-0.00827242,-0.00366036,False
SYN_C,adx_trend,7,0.42857143,1.24801678,0.21360537,-0.00386055,0.00110891,False
SYN_C,ichimoku_cloud,44,0.27272727,0.64860165,-1.02286244,-0.01847045,-0.01215592,False
SYN_C,rsi_reversal,14,0.35714286,0.92605062,-0.11372413,-0.00523870,-0.00076258,False
SYN_C,rsi_divergence,43,0.18604651,0.38102266,-2.13269033,-0.02946238,-0.02409912,False
SYN_C,bollinger_bounce,30,0.33333333,0.83291743,-0.37029416,-0.01115234,-0.00378188,False
SYN_C,bollinger_squeeze,11,0.36363636,0.94995013,-0.05707405,-0.00698019,-0.00040588,False
SYN_C,stochastic_cross,49,0.30612245,0.73458374,-0.83393284,-0.01954031,-0.01015689,False
SYN_C,keltner_reversion,39,0.28205128,0.65492117,-0.93678421,-0.01388612,-0.01084358,False
SYN_C,donchian_breakout,18,0.50000000,1.66570622,0.81074480,-0.00449545,0.00674650,False
SYN_C,volume_breakout,1,1.00000000,10.00000000,1.19449599,0.00000000,0.00187798,False
SYN_C,atr_breakout,8,0.37500000,0.52137758,-0.46781490,-0.00416682,-0.00228397,False
SYN_C,inside_bar_breakout,43,0.34883721,0.90249427,-0.25922913,-0.00860188,-0.00307731,False
SYN_C,mean_rev_composite,16,0.31250000,0.75694789,-0.40065782,-0.01004317,-0.00301856,False
SYN_C,trend_momentum_combo,16,0.37500000,1.00025780,0.00016283,-0.00584682,-0.00001398,False
SYN_C,confluence,3,0.00000000,0.00000000,-1.15335715,-0.00436730,-0.00336968,False
