ticker,ex_date,dividend_usd
DBC,20221219,0.14467
DBC,20231218,1.08926
DBC,20241223,1.11582
DBC,20251222,0.74424
IEF,20211101,0.081436
IEF,20211201,0.087705
IEF,20211216,0.105857
IEF,20220201,0.108126
IEF,20220301,0.100999
IEF,20220401,0.121442
IEF,20220502,0.125114
IEF,20220601,0.129264
IEF,20220701,0.155368
IEF,20220801,0.184051
IEF,20220901,0.179026
IEF,20221003,0.186566
IEF,20221101,0.202775
IEF,20221201,0.194028
IEF,20221215,0.191817
IEF,20230201,0.212178
IEF,20230301,0.196207
IEF,20230403,0.195983
IEF,20230501,0.238589
IEF,20230601,0.231595
IEF,20230703,0.231854
IEF,20230801,0.24154
IEF,20230901,0.241752
IEF,20231002,0.238922
IEF,20231101,0.248776
IEF,20231201,0.248948
IEF,20231214,0.281606
IEF,20240201,0.235883
IEF,20240301,0.249254
IEF,20240401,0.275844
IEF,20240501,0.27086
IEF,20240603,0.276435
IEF,20240701,0.285078
IEF,20240801,0.289105
IEF,20240903,0.288194
IEF,20241001,0.285919
IEF,20241101,0.291583
IEF,20241202,0.292013
IEF,20241218,0.307517
IEF,20250203,0.296357
IEF,20250303,0.275368
IEF,20250401,0.303674
IEF,20250501,0.313378
IEF,20250602,0.310131
IEF,20250701,0.30321
IEF,20250801,0.308775
IEF,20250902,0.314136
IEF,20251001,0.294485
IEF,20251103,0.303792
IEF,20251201,0.288439
IEF,20251219,0.312713
IEF,20260202,0.311986
IEF,20260302,0.28276
IEF,20260401,0.317166
IEF,20260501,0.312472
IEF,20260601,0.317197
IEF,20260701,0.311059
IEF,20260803,0.317549
IEF,20260901,0.332044
SHY,20211101,0.010985
SHY,20211201,0.018007
SHY,20211201,0.031906
SHY,20211216,0.018063
SHY,20220201,0.023298
SHY,20220301,0.025406
SHY,20220401,0.036305
SHY,20220502,0.043611
SHY,20220601,0.064745
SHY,20220701,0.078997
SHY,20220801,0.088246
SHY,20220901,0.100482
SHY,20221003,0.108023
SHY,20221101,0.14069
SHY,20221201,0.165441
SHY,20221215,0.180684
SHY,20230201,0.152447
SHY,20230301,0.162288
SHY,20230403,0.180173
SHY,20230501,0.191171
SHY,20230601,0.197052
SHY,20230703,0.206016
SHY,20230801,0.211834
SHY,20230901,0.205809
SHY,20231002,0.209062
SHY,20231101,0.230349
SHY,20231201,0.246988
SHY,20231214,0.259742
SHY,20240201,0.242118
SHY,20240301,0.240458
SHY,20240401,0.270467
SHY,20240501,0.261616
SHY,20240603,0.262128
SHY,20240701,0.270391
SHY,20240801,0.27246
SHY,20240903,0.288255
SHY,20241001,0.273029
SHY,20241101,0.283144
SHY,20241202,0.265297
SHY,20241218,0.280409
SHY,20250203,0.273496
SHY,20250303,0.25314
SHY,20250401,0.279789
SHY,20250501,0.259195
SHY,20250602,0.271801
SHY,20250701,0.264081
SHY,20250801,0.269837
SHY,20250902,0.258369
SHY,20251001,0.256251
SHY,20251103,0.262737
SHY,20251201,0.248818
SHY,20251219,0.254847
SHY,20260202,0.249955
SHY,20260302,0.222982
SHY,20260401,0.246905
SHY,20260501,0.242788
SHY,20260601,0.242901
SHY,20260701,0.238313
SHY,20260803,0.250772
SHY,20260901,0.243983
SPY,20211217,1.636431
SPY,20220318,1.366009
SPY,20220617,1.576871
SPY,20220916,1.596398
SPY,20221216,1.7814
SPY,20230317,1.506204
SPY,20230616,1.638367
SPY,20230915,1.583169
SPY,20231215,1.906073
SPY,20240315,1.594937
SPY,20240621,1.759024
SPY,20240920,1.745531
SPY,20241220,1.965548
SPY,20250321,1.695528
SPY,20250620,1.761117
SPY,20250919,1.831114
SPY,20251219,1.993368
SPY,20260320,1.796999
SPY,20260618,1.903516
SPY,20260918,1.888834
TIP,20211101,0.121765
TIP,20211201,0.185957
TIP,20211216,0.786249
TIP,20220201,0.438763
TIP,20220301,0.22904
TIP,20220401,0.798369
TIP,20220502,0.937913
TIP,20220601,1.366707
TIP,20220701,0.565151
TIP,20220801,1.1538
TIP,20220901,1.438357
TIP,20221201,0.130772
TIP,20221215,0.349136
TIP,20230403,0.127408
TIP,20230501,0.569082
TIP,20230601,0.31258
TIP,20230703,0.50389
TIP,20230801,0.220586
TIP,20230901,0.323312
TIP,20231002,0.171483
TIP,20231101,0.451742
TIP,20231201,0.255664
TIP,20240401,0.064844
TIP,20240501,0.693311
TIP,20240603,0.726768
TIP,20240701,0.437103
TIP,20240801,0.173202
TIP,20240903,0.030002
TIP,20241001,0.121534
TIP,20241101,0.089026
TIP,20241202,0.189903
TIP,20241218,0.160303
TIP,20250401,0.70918
TIP,20250501,0.534953
TIP,20250602,0.273105
TIP,20250701,0.379923
TIP,20250801,0.264488
TIP,20250902,0.417238
TIP,20251001,0.198069
TIP,20251103,0.360933
TIP,20251201,0.322417
TIP,20251219,0.341961
TIP,20260501,0.560849
TIP,20260601,1.277516
TIP,20260701,1.058023
TIP,20260803,0.784384
TLT,20211101,0.188215
TLT,20211201,0.184159
TLT,20211216,0.167606
TLT,20220201,0.198134
TLT,20220301,0.184723
TLT,20220401,0.201727
TLT,20220502,0.20313
TLT,20220601,0.207438
TLT,20220701,0.226939
TLT,20220801,0.213043
TLT,20220901,0.236135
TLT,20221003,0.244114
TLT,20221101,0.235637
TLT,20221201,0.244243
TLT,20221215,0.261059
TLT,20230201,0.275496
TLT,20230301,0.249766
TLT,20230403,0.268755
TLT,20230501,0.267995
TLT,20230601,0.273047
TLT,20230703,0.277716
TLT,20230801,0.275282
TLT,20230901,0.288579
TLT,20231002,0.280014
TLT,20231101,0.286291
TLT,20231201,0.28892
TLT,20231214,0.310534
TLT,20240201,0.310122
TLT,20240301,0.295234
TLT,20240401,0.312425
TLT,20240501,0.307743
TLT,20240603,0.308295
TLT,20240701,0.291104
TLT,20240801,0.314856
TLT,20240903,0.312782
TLT,20241001,0.315755
TLT,20241101,0.310541
TLT,20241202,0.325021
TLT,20241218,0.351032
TLT,20250203,0.312282
TLT,20250303,0.289817
TLT,20250401,0.325582
TLT,20250501,0.327612
TLT,20250602,0.319532
TLT,20250701,0.328301
TLT,20250801,0.330802
TLT,20250902,0.328083
TLT,20251001,0.310447
TLT,20251103,0.325125
TLT,20251201,0.320648
TLT,20251219,0.342437
TLT,20260202,0.331885
TLT,20260302,0.300633
TLT,20260401,0.344779
TLT,20260501,0.315346
TLT,20260601,0.335777
TLT,20260701,0.31803
TLT,20260803,0.330454
TLT,20260901,0.314686
VBR,20211227,1.1822
VBR,20220323,0.6256
VBR,20220623,0.7123
VBR,20220923,0.7714
VBR,20221222,1.119
VBR,20230323,0.8916
VBR,20230623,0.8874
VBR,20230921,0.875
VBR,20231221,1.1538
VBR,20240321,0.9425
VBR,20240627,1.0165
VBR,20240926,0.87
VBR,20241223,1.0911
VBR,20250327,1.2422
VBR,20250630,0.9108
VBR,20250929,0.9279
VBR,20251222,1.0562
VBR,20260327,1.2437
VBR,20260626,1.0904
VBR,20260928,1.03
VEA,20211220,0.7693
VEA,20220321,0.0828
VEA,20220621,0.53
VEA,20220919,0.1196
VEA,20221219,0.4895
VEA,20230320,0.1597
VEA,20230620,0.4319
VEA,20230918,0.3099
VEA,20231218,0.6097
VEA,20240315,0.2865
VEA,20240621,0.4607
VEA,20240920,0.1444
VEA,20241220,0.7126
VEA,20250321,0.2422
VEA,20250620,0.4407
VEA,20250919,0.2865
VEA,20251219,1.04
VEA,20260320,0.109
VEA,20260618,0.3772
VEA,20260918,0.1775
VNQ,20211227,1.0531
VNQ,20220323,0.5767
VNQ,20220623,0.5695
VNQ,20220923,0.9164
VNQ,20221222,1.1635
VNQ,20230324,0.77
VNQ,20230629,0.9277
VNQ,20230928,0.7268
VNQ,20231221,1.0683
VNQ,20240322,0.7324
VNQ,20240628,1.0328
VNQ,20240927,0.8128
VNQ,20241223,0.8555
VNQ,20250325,0.9319
VNQ,20250626,0.8678
VNQ,20250924,0.8716
VNQ,20251222,0.8005
VNQ,20260324,0.9457
VNQ,20260624,0.8554
VNQ,20260923,0.8046
VWO,20211220,0.478
VWO,20220321,0.1339
VWO,20220621,0.3057
VWO,20220919,0.5294
VWO,20221219,0.6347
VWO,20230320,0.0281
VWO,20230620,0.2267
VWO,20230918,0.3275
VWO,20231218,0.8649
VWO,20240315,0.0385
VWO,20240621,0.1704
VWO,20240920,0.1344
VWO,20241220,1.0656
VWO,20250321,0.0468
VWO,20250620,0.1385
VWO,20250919,0.2795
VWO,20251219,1.0325
VWO,20260618,0.071
VWO,20260918,0.1137
