month,SPY,VEA,VWO,TLT,IEF,SHY,TIP,GLD,DBC,VNQ,VBR
2021-10,459.25,52.12,50.66,147.69,114.63,85.85,128.67,166.65,21.35,109.04,176.97
2021-11,455.56,49.7,49.19,151.59,115.8,85.79,129.66,165.5,19.48,106.74,171.62
2021-12,474.96,51.06,49.46,148.19,115.0,85.54,129.2,170.96,20.78,116.01,178.85
2022-01,449.91,49.09,49.67,142.39,112.57,84.95,126.54,168.09,22.42,106.24,170.96
2022-02,436.63,47.79,47.82,139.87,112.12,84.56,127.18,178.38,23.87,102.54,173.74
2022-03,451.64,48.03,46.13,132.08,107.47,83.35,124.57,180.65,26.06,108.37,175.94
2022-04,412.0,44.77,43.44,119.45,102.81,82.9,121.07,176.91,27.53,103.94,164.79
2022-05,412.93,45.51,43.64,116.56,103.32,83.35,118.94,171.14,28.8,99.07,167.86
2022-06,377.25,40.8,41.65,114.87,102.3,82.79,113.91,168.46,26.64,91.11,149.82
2022-07,411.99,42.96,41.32,117.43,105.17,83.05,118.23,164.1,26.11,98.96,164.54
2022-08,395.18,40.46,41.13,111.88,100.94,82.29,113.91,159.27,25.72,93.01,160.02
2022-09,357.18,36.36,36.49,102.45,95.99,81.21,104.9,154.67,23.91,80.17,143.4
2022-10,386.21,38.57,35.45,96.11,94.41,81.0,106.39,151.91,25.12,82.98,160.61
2022-11,407.68,43.41,40.52,102.73,97.61,81.42,108.34,164.81,25.49,88.08,169.54
2022-12,382.43,41.97,38.98,99.56,95.78,81.17,106.44,169.64,24.65,82.48,158.8
2023-01,406.48,45.76,42.23,107.17,99.21,81.8,108.65,179.41,24.87,91.06,173.21
2023-02,396.26,44.17,39.42,101.71,95.76,80.99,107.18,169.78,23.76,85.72,169.3
2023-03,409.39,45.17,40.4,106.37,99.12,82.16,110.25,183.22,23.74,83.04,158.76
2023-04,415.93,46.36,40.24,106.46,99.73,82.18,110.18,184.8,23.56,83.3,157.24
2023-05,417.85,44.63,39.05,102.99,98.06,81.68,108.3,182.32,22.05,80.0,151.86
2023-06,443.28,46.18,40.68,102.94,96.6,81.08,107.62,178.27,22.7,83.56,165.4
2023-07,457.79,47.63,43.07,100.05,95.74,81.12,107.16,182.35,24.68,85.26,174.39
2023-08,450.35,45.75,40.53,96.64,94.8,81.24,106.07,180.02,24.59,82.38,168.45
2023-09,427.48,43.72,39.21,88.69,91.59,80.97,103.72,171.45,24.96,75.66,159.49
2023-10,418.2,42.24,37.94,83.58,89.59,81.03,102.8,184.09,24.51,72.92,151.77
2023-11,456.4,45.96,40.63,91.56,93.41,81.65,105.19,188.75,23.91,81.73,164.91
2023-12,475.31,47.9,41.1,98.88,96.39,82.04,107.49,191.17,22.04,88.36,179.97
2024-01,482.88,47.38,39.64,96.66,96.46,82.3,107.85,188.45,22.33,83.89,175.48
2024-02,508.08,48.68,41.02,94.18,94.22,81.74,106.72,189.31,21.99,85.55,182.59
2024-03,523.07,50.17,41.77,94.62,94.66,81.78,107.41,205.72,22.97,86.48,191.88
2024-04,501.98,48.46,42.17,88.22,91.43,81.15,105.53,211.87,23.34,79.61,180.36
2024-05,527.37,50.72,43.08,90.45,92.8,81.47,106.7,215.3,23.27,83.24,187.9
2024-06,544.22,49.42,43.76,91.78,93.65,81.65,106.78,215.01,23.23,83.76,182.52
2024-07,550.81,50.91,44.29,94.81,96.07,82.34,108.18,226.55,22.58,90.41,198.33
2024-08,563.68,52.39,44.72,96.49,97.07,82.8,108.87,231.29,22.11,95.13,198.45
2024-09,573.76,52.81,47.85,98.1,98.12,83.15,110.47,243.06,22.27,97.42,200.78
2024-10,568.64,50.1,46.57,92.45,94.52,82.36,108.31,253.51,22.59,94.15,198.8
2024-11,602.55,50.3,45.57,93.97,95.19,82.32,108.76,245.59,22.14,98.16,216.2
2024-12,586.08,47.82,44.04,87.33,92.45,81.98,106.55,242.13,21.38,89.08,198.18
2025-01,601.82,49.94,44.4,87.76,93.02,82.29,108.01,258.56,21.97,90.55,205.32
2025-02,594.18,51.07,44.73,92.43,95.32,82.62,110.34,263.27,22.0,93.9,197.79
2025-03,559.39,50.83,45.26,91.03,95.37,82.73,111.09,288.14,22.5,90.54,186.29
2025-04,554.54,52.87,45.25,89.47,96.07,83.12,110.52,303.77,20.57,88.33,179.98
2025-05,589.39,55.58,47.0,86.28,94.57,82.65,109.29,303.6,20.88,89.32,188.98
2025-06,617.85,57.01,49.46,88.25,95.77,82.86,110.04,304.83,21.81,89.06,195.01
2025-07,632.08,56.22,49.8,86.92,94.9,82.52,109.67,302.96,22.45,89.14,198.27
2025-08,645.05,58.71,51.53,86.6,96.15,82.98,111.17,318.07,22.21,92.24,208.8
2025-09,666.18,59.92,54.18,89.37,96.46,82.96,111.22,355.47,22.53,91.42,208.71
2025-10,682.06,60.98,54.97,90.29,96.85,82.98,111.38,368.12,22.88,89.18,206.51
2025-11,683.39,61.57,54.3,90.21,97.5,83.08,111.26,387.88,23.06,91.34,211.67
2025-12,681.92,62.47,53.76,87.16,96.16,82.82,109.91,396.31,22.36,88.49,211.79
2026-01,691.97,66.2,56.47,87.13,95.94,82.99,110.48,444.95,24.43,90.8,223.09
2026-02,685.99,70.24,58.1,90.82,97.99,83.18,111.88,483.75,25.1,95.69,229.9
2026-03,650.34,64.08,54.05,86.69,95.44,82.57,110.36,430.29,28.95,88.7,217.25
2026-04,718.66,68.8,58.93,85.62,94.98,82.48,111.56,423.66,31.1,96.33,232.42
2026-05,756.48,71.77,59.88,85.76,94.65,82.3,111.21,417.12,29.48,95.7,234.83
2026-06,746.77,71.25,59.69,86.42,94.57,82.11,109.43,368.38,26.66,96.43,242.99
2026-07,747.03,70.62,58.75,82.25,92.95,82.0,107.63,371.54,29.45,98.95,244.63
2026-08,767.05,72.92,60.52,82.52,92.74,81.89,106.82,408.42,31.3,96.44,245.29
2026-09,762.63,70.61,59.31,77.78,89.31,81.2,104.04,380.84,32.32,89.63,231.03
2026-10,769.64,71.13,59.56,77.48,89.05,81.05,104.11,380.14,32.54,89.5,233.98
