month,100% SPY,60/40 SPY/IEF,Three-fund 48/32/20,All Weather retail,Permanent (SHY for cash),Golden Butterfly (VBR),Ivy 5 equal weight,Faber GTAA Ivy5,Dual momentum
2021-11,-0.008034839412084938,-0.00045403284554110766,-0.01653130747089823,0.0032129082857129425,0.0030436469373053276,-0.003611304973747309,-0.030445994718762127,-0.030445994718762127,-0.008034839412084938
2021-12,0.0461770809553077,0.025611471371112103,0.034827388929543665,0.012503669571019308,0.014234465234745114,0.021190858518060622,0.04944617636858105,0.04944617636858105,0.0461770809553077
2022-01,-0.0527412834765032,-0.040096943998945436,-0.041888162328024316,-0.02998744097628593,-0.02889128433252916,-0.031936063529763886,-0.023549723202435202,-0.023549723202435202,-0.0527412834765032
2022-02,-0.029517014514014006,-0.01892500483526276,-0.023249796034431797,-0.006391336232300786,0.0027692815697979434,0.005467647998000258,-0.005837677217875871,-0.005837677217875871,-0.029517014514014006
2022-03,0.03750546000045807,0.0062742321187193376,0.012049555231068024,-0.00874836698633449,-0.004537928011798031,-0.0003776659964074714,0.031582874394887654,0.031582874394887654,0.03750546000045807
2022-04,-0.08776901957311134,-0.06955378356856205,-0.07229507379172172,-0.06762607197733514,-0.051882984726307924,-0.054181163272691235,-0.036468875547038794,-0.036468875547038794,-0.08776901957311134
2022-05,0.002257281553398105,0.003825389260800627,0.007608261508359062,-0.00637995175136456,-0.011724389416394476,-0.005653557288319133,0.004848259341521288,0.004848259341521288,0.002257281553398105
2022-06,-0.08258816022086068,-0.05300135141706921,-0.0707578871103638,-0.03795681717953993,-0.029227257256884243,-0.04402722460688952,-0.06653120249724329,-0.06653120249724329,-0.08258816022086068
2022-07,0.09208747514910542,0.06708188098389142,0.06705786248937293,0.038333706638182134,0.02364057496486835,0.03856270693491697,0.04817336675458192,0.04817336675458192,0.09208747514910542
2022-08,-0.040801961212650784,-0.03986940150651985,-0.04590102770077358,-0.03951812293581747,-0.030942942177148047,-0.030248458518672347,-0.04250566013263031,-0.00945820041776655,-0.040801961212650784
2022-09,-0.09211903942507205,-0.07417760158252495,-0.08515139447205625,-0.07504010579387653,-0.053770045836029984,-0.06282431063457827,-0.08726666965528122,-0.023597245775901388,-0.09211903942507205
2022-10,0.08127554734307618,0.042958748553777765,0.05555891779314207,0.000861913212163252,0.0006685752852725046,0.024537649628496958,0.04263942685809033,-0.0012557197389483357,0.08127554734307618
2022-11,0.055591517568162496,0.047771921450758766,0.07404799520473442,0.058089895175686135,0.05469086750044072,0.05487279860156043,0.05866201324714422,0.00692209876543215,0.03604252727465318
2022-12,-0.0575662284144427,-0.04045779872267441,-0.03759750096430361,-0.02971258640270035,-0.013254499243317869,-0.021953133427920758,-0.034380956494546006,-0.015184056949797877,-0.014795154185021975
2023-01,0.06288732578511103,0.052056889102304854,0.06624499426228415,0.05980122313639826,0.051169420688492895,0.059084151160366104,0.06039026489623055,0.007761488234569347,0.03581123407809561
2023-02,-0.02514268844715617,-0.02814003096971489,-0.029714580524226653,-0.03916189454896536,-0.03380840502713814,-0.03156147490214467,-0.03915999534890724,-0.016800965528096245,-0.03263604475355297
2023-03,0.036935860293746625,0.03701618200749275,0.03355826648147925,0.04183410364172971,0.04520484099349509,0.02476588106414042,0.015440860621196425,0.022508265970090948,0.03713666457811193
2023-04,0.0159749871760424,0.01283754678504434,0.01772464522633952,0.007439390435912782,0.007601897149279613,0.004166677709345601,0.009200034782998558,0.011064810607225176,0.008131386198547252
2023-05,0.004616161373308003,-0.002971448267762922,-0.012596143818351222,-0.01861227904520741,-0.010659695346930814,-0.015370798760373441,-0.030152176159198206,-0.01091385398476974,-0.037316652286453755
2023-06,0.06478010530094513,0.0338572330765491,0.04279938727375766,0.018966113936081837,0.009949719622476316,0.02696069759973265,0.03644701748147797,0.017358775185898276,0.06478010530094513
2023-07,0.032733261144197945,0.01703893805297838,0.024459095703297993,0.006952238758434685,0.008319342101729216,0.017526090368203184,0.03303978413064772,0.014646969697025237,0.032733261144197945
2023-08,-0.016251993272024312,-0.012669349295155263,-0.021890728376705786,-0.01973433389702709,-0.01406761928548353,-0.018066412648410916,-0.020088800922889075,-0.017811593093210676,-0.039470921688011806
2023-09,-0.04726730542911073,-0.040884636422023335,-0.04098173373469969,-0.053029895295973704,-0.0437353041047146,-0.04458753090621155,-0.034775930641496554,-0.014279726661648095,-0.03759781420765029
2023-10,-0.02170861794703849,-0.020716307355186724,-0.025098275813824213,-0.027003294208845022,0.0002198221860095495,-0.009504999985219564,-0.025806346822174617,-0.005953702527475912,-0.03385178408051226
2023-11,0.0913438546150167,0.07297251881879233,0.08110997142191737,0.07383912219099117,0.05651363720034308,0.06252658479486627,0.0642330162921632,0.003499438402538014,0.08806818181818188
2023-12,0.045609274758983354,0.0423984478443634,0.04716137379655325,0.05243058351874589,0.03897694187821449,0.05084537012982283,0.040041310321839066,0.03472139056648281,0.045609274758983354
2024-01,0.01592644800235643,0.009846355366410186,0.004316034357032201,-0.004173986597177199,-0.0043959991054838,-0.008506519793360767,-0.006326778465670757,-0.008324520260430712,0.01592644800235643
2024-02,0.05218687872763428,0.023001461675726358,0.02967444499026408,0.00276044361127596,0.00760984568208295,0.014191364122598228,0.01268192329803437,0.014954658182205803,0.05218687872763428
2024-03,0.03264237324830743,0.022511571263779562,0.028809309283306526,0.023856362671572224,0.032640844793546675,0.037320847147614564,0.02808975816879853,0.019085981616108503,0.03264237324830743
2024-04,-0.040319651289502434,-0.036675019170067345,-0.03650196330109867,-0.03906171737137628,-0.019789519351276347,-0.027839120171452583,-0.03378884048087736,-0.0378897026334208,-0.040319651289502434
2024-05,0.050579704370691925,0.037526472956003684,0.04279123163451589,0.030361586780186488,0.0256755305832872,0.02890148013307466,0.03155217500626058,0.023743524247585863,0.050579704370691925
2024-06,0.03528646680698566,0.02602720336005353,0.01406989756648297,0.019421828765265357,0.014369776085211894,0.006851329117238182,0.009562520731092317,0.00964940180529086,0.03528646680698566
2024-07,0.01210907353643731,0.01881943451161141,0.0212372663159176,0.024366478015325387,0.028432193267535932,0.040069883476619154,0.02451124654741095,0.03245991639516732,0.01210907353643731
2024-08,0.023365588860042585,0.019386710451447707,0.02320185224390614,0.017446735712670133,0.018556060718517176,0.0149658590119639,0.019449325006812956,0.025391412095001578,0.023365588860042585
2024-09,0.02097915661368166,0.018101840316205386,0.016274543801896142,0.020691911657802257,0.024875828092707608,0.023125656175350298,0.017078206992319166,0.0171725768262851,0.02097915661368166
2024-10,-0.008923591745677695,-0.01886447302539278,-0.02745961538821359,-0.02519148577243891,-0.006630752115278554,-0.007276909691027501,-0.02264246435452988,-0.026759751664024355,-0.008923591745677695
2024-11,0.059633511536297146,0.03984943828022098,0.03193619632642438,0.023499060106297518,0.012786171378551175,0.027733967283927432,0.019294029261945587,0.022216350020483857,0.059633511536297146
2024-12,-0.02407178159488821,-0.023437585187629416,-0.02729560990117289,-0.035832364854141686,-0.024781986236652787,-0.035485996019849496,-0.029882111975930267,-0.025069406151781236,-0.02407178159488821
2025-01,0.026856401856401924,0.018580039058676154,0.028310704694941687,0.0181101851852288,0.025854443591447618,0.02788912556646719,0.024290543295221356,0.008396408451299919,0.026856401856401924
2025-02,-0.012694825695390821,0.003547830448170754,0.006729535425506921,0.02455562657540297,0.017406723152869757,0.006590486646199944,0.015241154938066593,0.00926052429368902,-0.012694825695390821
2025-03,-0.05569772122925709,-0.03205326135694157,-0.026038435498758068,-0.01221225196150424,0.00778806808085622,-0.004141960723140502,-0.011074460375958961,-0.014740854161306972,-0.05569772122925709
2025-04,-0.0086701585655804,-0.000992494636045337,0.010785933504721346,-0.008811670857812537,0.010027456781125016,0.001247581399992613,-0.013639851354148667,-0.0037855659928236456,-0.0086701585655804
2025-05,0.06284488044144698,0.03276627249303514,0.04409771141597233,0.005291947442009597,0.00693909532906023,0.015552387497829789,0.02560590085729922,0.006259541015012337,0.05125780215623221
2025-06,0.05127524559290131,0.037152504868694126,0.03857628962415673,0.03203663118707406,0.021923027698517172,0.02488396136931219,0.03044928136193024,0.02048425514589551,0.05127524559290131
2025-07,0.023031480132718274,0.011451591431411324,0.005437152369379209,0.0032221618421034185,0.0011574960605617302,0.004269415134691125,0.0066997257537561245,0.00028471121649311596,-0.01385721803192419
2025-08,0.020519554486773783,0.01888191182799681,0.02730736793079592,0.011608204680579593,0.01984069139630712,0.026494432372606316,0.021064324596589867,0.01587784646402548,0.020519554486773783
2025-09,0.0355958669870553,0.02395402981261796,0.02654097339967983,0.035861711193369436,0.0479568212281174,0.039168043189390475,0.016508834148430296,0.016508834148430296,0.0355958669870553
2025-10,0.0238374013029512,0.017140860852266203,0.018522043835564148,0.01755694646290633,0.019130507208919678,0.013196217371754582,0.00793125009854241,0.00793125009854241,0.0238374013029512
2025-11,0.0019499750755065381,0.005109239562598723,0.0060017123759007526,0.007764054351319122,0.015678591342335235,0.017540209764585327,0.010712244979187036,0.0067423852518980094,0.009675303378156919
2025-12,0.0007658408814879003,-0.0025716667531585635,0.008934850530407486,-0.009716852554337112,-0.0002568190339285459,0.0009058973499819433,0.000835418947179646,0.000835418947179646,0.03150885171349671
2026-01,0.014737799155326137,0.007927538062247262,0.02572334412928242,0.02008860136686283,0.03479461336169787,0.03850663832616834,0.03816785578999603,0.03335745572923796,0.05970866015687526
2026-02,-0.008641993149992033,0.0046625672953289465,0.020304425787010246,0.028161106835827156,0.03250492660274898,0.03210910063492681,0.031656905492515305,0.027793284172175196,0.061027190332326064
2026-03,-0.04934911733407188,-0.03886445560301483,-0.05588226709931689,-0.03192548590882793,-0.05166947010546005,-0.051258412100027045,-0.013682610099391958,-0.013682610099391958,-0.08614749430523916
2026-04,0.10505274164283285,0.06243301128913642,0.07369653596924192,0.032359394136726886,0.020794778175380668,0.03060130010071878,0.06750007078704055,0.030724940546536007,0.07365792759051182
2026-05,0.05262572009016786,0.031501614408280566,0.03903739030874259,0.012822801993584054,0.01081707109773497,0.010727488734310531,0.007395945957334371,0.007585105022727466,0.04316860465116279
2026-06,-0.010319484983079663,-0.005189273662853688,-0.0050888446996504915,-0.014013477348768788,-0.028728591305222623,-0.015104492939421487,-0.017778970206756294,-0.018151622369645803,-0.0019896892852165893
2026-07,0.0003481661020126037,-0.005327490314471773,-0.005430548943084137,-0.011308569143813552,-0.00852092679411609,-0.005466891647235749,0.021689838973785826,0.024770573238205685,-0.008842105263157873
2026-08,0.026799459191732655,0.01654250068986469,0.023517129776561205,0.023289603113760035,0.033769768104065956,0.02755540488508408,0.019595437816111415,0.01970737157016227,0.03256867742849057
2026-09,-0.0032998709340981147,-0.015341820339195112,-0.01762308770570014,-0.030072090500684497,-0.03247552567552342,-0.03676765198075467,-0.01912639506603875,-0.013534753784437137,-0.029244377399890387
