,cagr,vol,mdd,sharpe,r2022,cagr_priceonly,vol_priceonly,mdd_priceonly,sharpe_priceonly,r2022_priceonly
100% SPY,0.12382196424807157,0.1556483461673931,-0.23916598255383903,0.8300700672995877,-0.18158602662351186,0.10866312844411352,0.1568229596028037,-0.24797877716018202,0.7377473905556702,-0.19481640559205005
60/40 SPY/IEF,0.06623361615909684,0.11316243133544254,-0.204938942648496,0.6240104775783532,-0.16632179218157328,0.0448262943554687,0.1137512759214355,-0.21381731909732227,0.44235835318843614,-0.18052654440394422
Three-fund 48/32/20,0.08737209294894699,0.13134705261596188,-0.23376393448430155,0.7046684479542451,-0.16396299702534456,0.06316924675054114,0.13255501723376215,-0.24393657578307415,0.5287230496819096,-0.18126011725118796
All Weather retail,0.020528618020524858,0.10783333257072257,-0.21544999712303747,0.24175877755063283,-0.1928990977080075,-0.004589050871325662,0.10810636160299238,-0.24167454526880994,0.010873834543299004,-0.20697655100687662
Permanent (SHY for cash),0.05919334690905953,0.09351702335403267,-0.17235381742536715,0.6624330083550481,-0.1380832549661567,0.03868231255733634,0.09358622387876589,-0.17894901532338459,0.4523037386859646,-0.14929943124216327
Golden Butterfly (VBR),0.06481886756454869,0.10273700785820739,-0.17431666698849468,0.6635071539428476,-0.12722720557402467,0.043831192606824665,0.10322068605937341,-0.1815947570289873,0.4672596938996679,-0.1397911754615777
Ivy 5 equal weight,0.06825415267056356,0.11355017688571903,-0.17209732857863458,0.639088779077664,-0.11633401858059111,0.03848346846266515,0.11542201756743446,-0.18118774667966764,0.3847755425323334,-0.13489688440785552
Faber GTAA Ivy5,0.04123920275460824,0.07778220345908408,-0.1009053557598234,0.5587971165552796,-0.09130577892669112,0.011097862515498935,0.077489332911047,-0.11846315699995835,0.1808447558876404,-0.1081380466337617
Dual momentum,0.10462340038329287,0.15721601608520486,-0.23916598255383903,0.7131940807908007,-0.16028787236947561,0.08472596847415725,0.15800115185115104,-0.24797877716018202,0.5946167970930847,-0.1750581927596685
